label,short_name,fund_usd,fund_share,fund_n_grants,fund_n_low_confidence,fund_usd_coefficient,fund_usd_eafunds,fund_usd_fli,fund_usd_manifund,fund_usd_sff,delphi_bau_pct,delphi_pm_pct,delphi_reduction_pp,delphi_reduction_se,delphi_n_experts,delphi_bau_point_rank,delphi_bau_rank_p05,delphi_bau_rank_p95,delphi_reduction_point_rank,delphi_reduction_rank_p05,delphi_reduction_rank_p95,delphi_concern_pct,delphi_concern_pct_balanced,delphi_concern_pct_insiders,delphi_concern_pct_outsiders
1.1,Discrimination,585000.0,0.0007410774518741844,3,0,0.0,0.0,0.0,50000.0,535000.0,9.088235294117647,5.522058823529412,3.5661764705882355,0.9522110729991643,68.0,23.0,13.0,24.0,20.0,12.0,23.0,12.380952380952381,11.764705882352942,17.647058823529413,5.88235294117647
1.2,Toxic content,0.0,0.0,0,0,0.0,0.0,0.0,0.0,0.0,9.725000000000001,7.530555555555556,2.1944444444444446,1.2375214889552837,36.0,20.0,12.0,24.0,24.0,16.0,24.0,7.142857142857142,5.915736821854559,6.521739130434782,5.3097345132743365
1.3,Unequal performance,0.0,0.0,0,0,0.0,0.0,0.0,0.0,0.0,9.162096774193548,5.395161290322581,3.766935483870968,1.503075880142232,62.0,22.0,13.0,24.0,17.0,8.0,24.0,3.3333333333333335,4.360845322502925,8.21917808219178,0.5025125628140703
2.1,Loss of privacy,55000.0,6.967394846680365e-05,1,0,0.0,55000.0,0.0,0.0,0.0,11.173913043478262,7.202898550724638,3.971014492753623,1.3456334317676781,69.0,16.0,9.0,22.0,16.0,9.0,23.0,10.476190476190476,10.096618357487923,16.304347826086957,3.888888888888889
2.2,AI security vulnerabilities,33498831.33,0.0424362881415376,32,3,32646662.0,133669.33000000002,0.0,393500.0,325000.0,15.68,8.766666666666667,6.913333333333333,1.5509768306229237,75.0,8.0,3.0,14.0,6.0,2.0,15.0,16.19047619047619,14.663302697182676,21.50537634408602,7.82122905027933
3.1,False information,6116633.0,0.007748544953315467,2,1,6116133.0,0.0,0.0,500.0,0.0,12.837209302325581,6.813953488372093,6.023255813953488,0.8920023464932855,43.0,10.0,5.0,20.0,9.0,5.0,15.0,21.904761904761905,18.690629011553273,23.170731707317074,14.210526315789473
3.2,Loss of consensus reality,195000.0,0.00024702581729139477,1,1,0.0,0.0,0.0,0.0,195000.0,12.622727272727273,6.804545454545455,5.818181818181818,1.0205143113309474,66.0,11.0,6.0,19.0,10.0,4.0,16.0,8.571428571428571,8.427672955974842,11.666666666666666,5.188679245283019
4.1,Disinformation & influence,1065362.0,0.0013495995833907432,3,0,223000.0,0.0,842362.0,0.0,0.0,12.596774193548388,7.129032258064516,5.467741935483871,1.219599708484174,62.0,12.0,7.0,19.0,12.0,5.0,19.0,21.904761904761905,15.508021390374331,11.76470588235294,19.25133689839572
4.2,Weapons & cyberattacks,2330949.16,0.002952844211865078,5,1,670949.0,0.0,1500000.0,160000.16,0.0,21.0,11.901639344262295,9.098360655737705,2.4949900530954507,61.0,2.0,1.0,6.0,3.0,1.0,11.0,11.904761904761903,11.62358937022206,16.417910447761194,6.829268292682928
4.3,Fraud & scams,627000.0,0.0007942830125215617,4,0,612000.0,0.0,0.0,15000.0,0.0,11.49,8.685,2.805,0.7269340845395172,50.0,14.0,6.0,23.0,22.0,16.0,24.0,26.666666666666668,23.85387289302814,31.645569620253166,16.06217616580311
5.1,Overreliance & unsafe use,1256887.0,0.001592223273938099,6,1,115887.0,80000.0,555000.0,0.0,506000.0,10.69746835443038,6.950632911392406,3.7468354430379747,0.7533799969528172,79.0,17.0,11.0,22.0,18.0,12.0,22.0,17.61904761904762,15.392156862745098,22.54901960784314,8.235294117647058
5.2,Loss of human agency,100000.0,0.00012667990630327937,1,0,0.0,0.0,0.0,100000.0,0.0,11.458823529411765,6.670588235294118,4.788235294117647,0.9528218620190624,85.0,15.0,9.0,21.0,14.0,8.0,20.0,18.095238095238095,14.765959815216787,19.469026548672566,10.062893081761008
6.1,Power centralization,5409841.0,0.006853181509956392,16,1,0.0,10000.0,4308571.0,453270.0,638000.0,17.971698113207548,11.433962264150944,6.537735849056604,1.0603906584087077,53.0,3.0,1.0,12.0,7.0,3.0,14.0,23.809523809523807,22.971019480966476,32.87671232876712,13.06532663316583
6.2,Inequality & unemployment,5579992.0,0.007068728637330485,12,2,4849683.0,0.0,705564.0,24745.0,0.0,17.094186046511627,10.930697674418605,6.163488372093022,1.532134993854405,43.0,4.0,1.0,14.0,8.0,3.0,17.0,7.6190476190476195,8.994708994708994,14.285714285714285,3.7037037037037033
6.3,Devaluation of human creativity,305000.0,0.00038637371422500213,2,1,0.0,0.0,300000.0,5000.0,0.0,9.47,6.003333333333333,3.466666666666667,1.118016853998076,30.0,21.0,11.0,24.0,21.0,11.0,24.0,4.761904761904762,5.173688100517369,7.317073170731707,3.0303030303030303
6.4,Competitive dynamics,13538221.0,0.017150205677930894,18,1,11484325.0,17000.0,800000.0,232896.0,1004000.0,16.609756097560975,7.304878048780488,9.304878048780488,1.581994539241262,41.0,7.0,2.0,12.0,1.0,1.0,6.0,7.142857142857142,6.711546307629538,8.771929824561402,4.651162790697675
6.5,Governance failure,179194514.24,0.22700344273984863,144,4,160501640.0,513643.24,1088114.0,675117.0,16416000.0,14.422413793103448,7.256896551724138,7.165517241379311,0.9146714400541807,116.0,9.0,5.0,14.0,5.0,3.0,11.0,11.428571428571429,8.337425656135757,13.422818791946309,3.2520325203252036
6.6,Environmental harm,0.0,0.0,0,0,0.0,0.0,0.0,0.0,0.0,17.08695652173913,11.782608695652174,5.304347826086956,1.8258516693892322,23.0,5.0,1.0,19.0,13.0,3.0,22.0,2.857142857142857,5.619834710743802,10.0,1.2396694214876034
7.1,AI misalignment,71976322.83,0.09117953832158988,125,10,66040779.0,1094101.83,0.0,1214442.0,3627000.0,16.61764705882353,8.864705882352942,7.752941176470588,1.3553407049260326,85.0,6.0,3.0,11.0,4.0,1.0,11.0,18.095238095238095,15.491071428571429,24.107142857142858,6.875000000000001
7.2,Dangerous capabilities,64667600.0,0.08192085508857949,87,5,60290776.0,516779.0,0.0,1138045.0,2722000.0,21.50625,12.3,9.20625,1.506727890469185,80.0,1.0,1.0,5.0,2.0,1.0,6.0,21.904761904761905,19.181914834088747,31.53153153153153,6.832298136645963
7.3,Capability & robustness,17902910.0,0.022679389613560433,25,4,17700051.0,23100.0,0.0,179759.0,0.0,10.685365853658537,7.030609756097561,3.6547560975609756,1.1670209969814842,82.0,18.0,10.0,22.0,19.0,11.0,23.0,6.190476190476191,5.450102295976358,8.49056603773585,2.4096385542168677
7.4,Transparency & interpretability,33814044.55,0.042835599953289144,108,4,30451258.0,2039184.5,0.0,497602.05,826000.0,7.514414414414414,4.780180180180181,2.734234234234234,0.6143406278572406,111.0,24.0,20.0,24.0,23.0,17.0,24.0,9.523809523809524,7.291610320765943,10.071942446043165,4.511278195488721
7.5,AI welfare,54539.0,6.908995409874554e-05,4,0,0.0,0.0,0.0,54539.0,0.0,10.057142857142857,5.885714285714286,4.171428571428572,1.3893264883519982,35.0,19.0,7.0,24.0,15.0,8.0,23.0,1.9047619047619049,4.060746120831958,7.6923076923076925,0.4291845493562232
7.6,Multi-agent risks,5632001.77,0.007134614565235036,16,0,4501964.0,12600.0,0.0,147437.77000000002,970000.0,12.164383561643836,6.3493150684931505,5.815068493150685,1.3990479357251895,73.0,13.0,8.0,20.0,11.0,3.0,17.0,8.571428571428571,8.385895356520694,13.978494623655912,2.793296089385475
field,"(field-building, unattributed)",338051024.444,0.42824272102293526,347,46,304715413.0,2113768.33,10144326.0,2157067.114,18920450.0,,,,,,,,,,,,,,,
not_ai,(not AI risk),5165228.0,0.0065433059907507515,30,2,510000.0,230139.0,0.0,7089.0,4418000.0,,,,,,,,,,,,,,,
unknown,(unknown),2269273.0,0.002874712910165617,13,13,0.0,27273.0,0.0,0.0,2242000.0,,,,,,,,,,,,,,,
